{"scoring":null,"notes":"Two multi-sets are equal if every element occurs the same number of times in both sets.","legend":"Given a number $n.$ A factorisation of $n$ is a multi-set of integers $\\{ d_1 \\dots  d_r \\}$ whose elements multiplies to $n:$\n$$\nn=\\prod_{i=1}^r d_i\n$$\n\nGiven $n,$ Find the number of its possible factorisations.","authorLogin":"ramizouari","language":"english","timeLimit":2000,"output":"An integer representing the number of possible factorisations.","inputFile":"stdin","outputFile":"stdout","input":"A line containing one integer $1 \\le n \\le 10^9$","authorName":"Rami Zouari","sampleTests":[{"output":"137\n","input":"1800\n","inputFile":"example.01","outputFile":"example.01.a"},{"output":"21147\n","input":"340510170\n","inputFile":"example.02","outputFile":"example.02.a"}],"name":"Count Factorisations","interaction":null,"memoryLimit":268435456,"tutorial":""}
