{"scoring":null,"notes":"","legend":"A sequence of brackets is called balanced if one can turn it into a valid math expression by adding characters '+' and '1'. For example, sequences $(())()$, $()$, and $(()(()))$ are balanced, while $)($, $(()$, and $(()))($ are not.\n\nYessine received a balanced sequence of brackets $s$ of length $n$ , unfortunately, someone took a contiguous subsequence $s[i..j]$ and reversed it.\n\nYessine wants to rebalance the sequence again , please help him to find any pair $(i,j)$ such that if you reverse the subsequence $s[i..j]$, the sequence becomes balanced.\n\nFor example, if $n = 8$ and $s$ = $())()(()$, to make s balanced, you can choose $i = 2$ and $j = 7$, $s$ will become $((()()))$.","authorLogin":"yessjall","language":"english","timeLimit":1000,"output":"For each test case, print one line containing two integer : $i$ and $j$ $(1 \\le i < j \\le n)$\n\nIf there are multiple solutions, print any.","inputFile":"stdin","outputFile":"stdout","input":"The first line contains the number of test cases t $(1 \\le t \\le 10^3)$\n\nThe first line of each test case contains one \\textbf{even} integer $n$ $(2 \\le n \\le 5.10^3)$ --- the length of the sequence $s$.\n\nThe second line of each test case contains a string consisting of $n$ brackets.\n\nIt is guaranteed that the sum of $n$ over all test cases does not exceed $10^4$.\n\n","authorName":"Yessine Jallouli","sampleTests":[{"output":"2 7\n1 8\n","input":"2\n8\n())()(()\n8\n))))((((\n","inputFile":"example.01","outputFile":"example.01.a"}],"name":"Balance The sequence","interaction":null,"memoryLimit":268435456,"tutorial":""}
