{"scoring":null,"notes":"\\begin{itemize}\n\\item There's no limit to how many cards you can ask for, but once your hand total's higher than $1$, you bust and the dealer gets your bet.\n\\item The example above is \\textbf{not a complete} example, as $n=3$, and not $n=10^5$, but it is included \\textbf{to understand} how the game should work.\n\\begin{itemize}\n\\item For the first game, you played $3$ turns,less or equal than reaching a sum $S=0.932484 \\le 1.$ And with that, you skipped.\n\\item For the second game, you played $4$ turns, reaching a sum $S=0.827251 \\le 1.$ And with that, you skipped\n\\item For the third game, you played $3$ turns, but you reached a sum $S > 1.$ This can be viewed as you lost before skipping.\n\\end{itemize}\n\\item As the dealer's sum is not seen, and will not be either in other test cases, you \\textbf{cannot see} how you won/lost. We will detail the scenarios:\n\\begin{itemize}\n\\item For the first game, the dealer got $S_{\\text{dealer}}=0.549321$ after the first turn, and then $S_{\\text{dealer}}=0.86321.$ Finally he took a card again, and got $S_{\\text{dealer}}=1.332513 > 1,$ and so he lost, and you \\textbf{won}.\n\\item For the second game, the dealer got $S_{\\text{dealer}}=0.836332 > S=0.827251$ after the first turn, and so he won, and you \\textbf{lost}.\n\\item In the third game, After getting $S=0.896195,$ but you chose to take a card again, and you got $S=1.62371>1.$ And with that, you \\textbf{lost}.\n\\end{itemize}\n\\end{itemize}  \n","legend":"\\textit{This is an interactive problem.}\n\nVertex Cover team got tired of problem solving and decided to go to the casino to have some fun and play Blackjack. In this casino, the goal of Blackjack is to collect cards that total to more points than the dealer, \\textbf{without exceeding} $1$. \n\nVertex Cover members are not good in betting, so they asked for your help.\n\nYou will play several rounds, In each round, each one of you and the dealer have initially a score of $0$, the dealer will ask you if you want a card with a randomly and \\textbf{uniformly} generated number between $0$ and $1$ written on it. If you say \\textit{hit}, the dealer will give you that card. If your total hand (the sum of numbers written on the cards) becomes \\textbf{more than} $1$, you get \\textit{bust} and lose. Otherwise, the dealer will ask you again. If you say \\textit{stand}, your turn is over with a total $T$, and dealer's turn starts. The dealer will get a card and do the following :  \n\\begin{enumerate}\n\n\\item If his total points is less than or equal to $T$ he will get another card and repeat again. \n\\item If his total points is strictly more than $1$, you win the round.\n\\item If his total points is strictly more than $T$ but no more than $1$, you lose the round.\n\\end{enumerate}\nThese are the rules, You have to play $n=10^5$ rounds, if you win at least $42\\%$ of the rounds, you will win and get the mega millions jackpot. Good luck !\n","authorLogin":"ramizouari","language":"english","timeLimit":12000,"output":"","inputFile":"stdin","outputFile":"stdout","input":"A single line containing a single integer $n=10^5:$ The number of games.","authorName":"Rami Zouari","sampleTests":[{"output":"G\nS 0.265346\nS 0.789890\nS 0.932484\nW\nG\nS 0.070631\nS 0.182233\nS 0.726913\nS 0.827251\nL\nG\nS 0.785957\nS 0.896195\nL\n","input":"3\n1 1 1 0\n1 1 1 1 0\n1 1 1","inputFile":"example.01","outputFile":"example.01.a"}],"name":"Casino I","interaction":"After reading the number of games $n$. You will play $10^5$ rounds, each round starts when the interactor outputs \\textit{G}.\n\nIn each turn of the \\textbf{current} round, you have two possible movements:\n\\begin{itemize}\n\\item  $1$ : The interactor will generate a uniformly random variable between $0$ and $1$, and adds it to the sum.\n\\begin{itemize}\n\\item If the current sum exceeds $1$, the interactor will output \\textit{L} \n\\item Otherwise, it will output ''\\textit{S} $r$`` where $r$ is the current sum. \n\\end{itemize}\n\n\n\n\\item $0$: Your turn is over, and the dealer will play \\textbf{optimally}. Then the interactor will give you the winner of the round as follow:\n\\begin{itemize}\n\\item It will output \\textit{L} if you lose.\n\\item It will output \\textit{W} if you win.\n\\end{itemize}\n\\end{itemize}\n\nYou have to use a flush operation right after the movement. For example, in C++ you should use the function \\textit{fflush(stdout)} or \\textit{cout.flush()}, in Java --- \\textit{System.out.flush()}, and in Python --- \\textit{sys.stdout.flush()}.\n","memoryLimit":268435456,"tutorial":""}
