<?xml version="1.0" encoding="utf-8" standalone="no"?>
<problem revision="2" short-name="count-factorisation" url="https://polygon.codeforces.com/p4GKWf4/ramizouari/count-factorisation">
    <names>
        <name language="english" value="Count Factorisations"/>
    </names>
    <statements>
        <statement charset="UTF-8" language="english" mathjax="true" path="statements/english/problem.tex" type="application/x-tex"/>
        <statement charset="UTF-8" language="english" mathjax="true" path="statements/.html/english/problem.html" type="text/html"/>
        <statement language="english" path="statements/.pdf/english/problem.pdf" type="application/pdf"/>
    </statements>
    <judging cpu-name="Intel(R) Core(TM) i3-8100 CPU @ 3.60GHz" cpu-speed="3600" input-file="" output-file="" run-count="1">
        <testset name="tests">
            <time-limit>2000</time-limit>
            <memory-limit>268435456</memory-limit>
            <test-count>35</test-count>
            <input-path-pattern>tests/%02d</input-path-pattern>
            <answer-path-pattern>tests/%02d.a</answer-path-pattern>
            <tests>
                <test method="manual" sample="true"/>
                <test method="manual" sample="true"/>
                <test cmd="generator 1" method="generated"/>
                <test cmd="generator 2" method="generated"/>
                <test cmd="generator 3" method="generated"/>
                <test cmd="generator 4" method="generated"/>
                <test cmd="generator 5" method="generated"/>
                <test cmd="generator 6" method="generated"/>
                <test cmd="generator 7" method="generated"/>
                <test cmd="generator 8" method="generated"/>
                <test cmd="generator 9" method="generated"/>
                <test cmd="generator 10" method="generated"/>
                <test cmd="generator 11" method="generated"/>
                <test cmd="generator 12" method="generated"/>
                <test cmd="generator 13" method="generated"/>
                <test cmd="generator 14" method="generated"/>
                <test cmd="generator 15" method="generated"/>
                <test cmd="generator 16" method="generated"/>
                <test cmd="generator 17" method="generated"/>
                <test cmd="generator 18" method="generated"/>
                <test cmd="generator 19" method="generated"/>
                <test cmd="generator 20" method="generated"/>
                <test cmd="generator 35" method="generated"/>
                <test cmd="generator 100" method="generated"/>
                <test cmd="generator 1000" method="generated"/>
                <test cmd="generator 10000" method="generated"/>
                <test cmd="generator 100000" method="generated"/>
                <test cmd="generator 1000000" method="generated"/>
                <test cmd="generator 10000000" method="generated"/>
                <test cmd="generator 100000000" method="generated"/>
                <test cmd="generator 1000000000" method="generated"/>
                <test cmd="generator 735134400" method="generated"/>
                <test cmd="generator 698377680" method="generated"/>
                <test cmd="generator 551350800" method="generated"/>
                <test cmd="generator 367567200" method="generated"/>
            </tests>
        </testset>
    </judging>
    <files>
        <resources>
            <file path="files/olymp.sty"/>
            <file path="files/problem.tex"/>
            <file path="files/statements.ftl"/>
            <file path="files/testlib.h" type="h.g++"/>
        </resources>
        <executables>
            <executable>
                <source path="files/generator.cpp" type="cpp.g++17"/>
            </executable>
        </executables>
    </files>
    <assets>
        <checker name="std::ncmp.cpp" type="testlib">
            <source path="files/check.cpp" type="cpp.g++17"/>
            <copy path="check.cpp"/>
            <testset>
                <test-count>0</test-count>
                <input-path-pattern>files/tests/checker-tests/%02d</input-path-pattern>
                <output-path-pattern>files/tests/checker-tests/%02d.o</output-path-pattern>
                <answer-path-pattern>files/tests/checker-tests/%02d.a</answer-path-pattern>
                <tests/>
            </testset>
        </checker>
        <solutions>
            <solution tag="main">
                <source path="solutions/solution.cpp" type="cpp.gcc11-64-winlibs-g++20"/>
            </solution>
        </solutions>
    </assets>
    <properties>
        <property name="tests-wellformed" value="true"/>
    </properties>
    <stresses>
        <stress-count>0</stress-count>
        <stress-path-pattern>stresses/%03d</stress-path-pattern>
        <list/>
    </stresses>
</problem>
