<?xml version="1.0" encoding="utf-8" standalone="no"?>
<problem revision="22" short-name="casino" url="https://polygon.codeforces.com/p8gpnG6/ramizouari/casino">
    <names>
        <name language="english" value="Casino I"/>
    </names>
    <statements>
        <statement charset="UTF-8" language="english" mathjax="true" path="statements/english/problem.tex" type="application/x-tex"/>
        <statement charset="UTF-8" language="english" mathjax="true" path="statements/.html/english/problem.html" type="text/html"/>
        <statement language="english" path="statements/.pdf/english/problem.pdf" type="application/pdf"/>
    </statements>
    <judging cpu-name="Intel(R) Core(TM) i3-8100 CPU @ 3.60GHz" cpu-speed="3600" input-file="" output-file="" run-count="1">
        <testset name="tests">
            <time-limit>12000</time-limit>
            <memory-limit>268435456</memory-limit>
            <test-count>6</test-count>
            <input-path-pattern>tests/%02d</input-path-pattern>
            <answer-path-pattern>tests/%02d.a</answer-path-pattern>
            <tests>
                <test description="Interaction Example" method="manual" sample="true"/>
                <test cmd="generator 500000 100000 532" method="generated"/>
                <test cmd="generator 500000 100000 683" method="generated"/>
                <test cmd="generator 500000 100000 544997" method="generated"/>
                <test cmd="generator 500000 100000 8321" method="generated"/>
                <test cmd="generator 500000 100000 21532" method="generated"/>
            </tests>
        </testset>
    </judging>
    <files>
        <resources>
            <file path="files/olymp.sty"/>
            <file path="files/problem.tex"/>
            <file path="files/statements.ftl"/>
            <file path="files/testlib.h" type="h.g++"/>
        </resources>
        <executables>
            <executable>
                <source path="files/checker.cpp" type="cpp.g++17"/>
            </executable>
            <executable>
                <source path="files/generator.cpp" type="cpp.g++17"/>
            </executable>
            <executable>
                <source path="files/interactor.cpp" type="cpp.g++17"/>
            </executable>
            <executable>
                <source path="files/validator.cpp" type="cpp.g++17"/>
            </executable>
        </executables>
    </files>
    <assets>
        <checker type="testlib">
            <source path="files/checker.cpp" type="cpp.g++17"/>
            <copy path="check.cpp" type="cpp.g++17"/>
            <testset>
                <test-count>0</test-count>
                <input-path-pattern>files/tests/checker-tests/%02d</input-path-pattern>
                <output-path-pattern>files/tests/checker-tests/%02d.o</output-path-pattern>
                <answer-path-pattern>files/tests/checker-tests/%02d.a</answer-path-pattern>
                <tests/>
            </testset>
        </checker>
        <interactor>
            <source path="files/interactor.cpp" type="cpp.g++17"/>
        </interactor>
        <validators>
            <validator>
                <source path="files/validator.cpp" type="cpp.g++17"/>
                <testset>
                    <test-count>2</test-count>
                    <input-path-pattern>files/tests/validator-tests/%02d</input-path-pattern>
                    <tests>
                        <test verdict="valid"/>
                        <test verdict="invalid"/>
                    </tests>
                </testset>
            </validator>
        </validators>
        <solutions>
            <solution tag="wrong-answer">
                <source path="solutions/p_5_0.cpp" type="cpp.g++17"/>
            </solution>
            <solution tag="accepted">
                <source path="solutions/p_5_4.cpp" type="cpp.g++17"/>
            </solution>
            <solution tag="main">
                <source path="solutions/p_5_7.cpp" type="cpp.g++17"/>
            </solution>
            <solution tag="accepted">
                <source path="solutions/p_5_7_python.py" type="python.3"/>
            </solution>
            <solution tag="accepted">
                <source path="solutions/p_6_0.cpp" type="cpp.g++17"/>
            </solution>
            <solution tag="wrong-answer">
                <source path="solutions/p_6_3.cpp" type="cpp.g++17"/>
            </solution>
            <solution tag="accepted">
                <source path="solutions/solution_yessine.cpp" type="cpp.g++17"/>
            </solution>
        </solutions>
    </assets>
    <properties>
        <property name="tests-wellformed" value="true"/>
    </properties>
    <stresses>
        <stress-count>0</stress-count>
        <stress-path-pattern>stresses/%03d</stress-path-pattern>
        <list/>
    </stresses>
</problem>
